Epoch,TrainAcc,ValAcc,Loss
1,54.8,75.4,1.4714
2,80.8,83.2,0.599525
3,85.9,85.2,0.449288
4,86.7,86.2,0.38024
5,91.8,87.2,0.261689
6,90.8,88.2,0.223442
7,94.3,88.4,0.1709
8,94.3,88,0.160243
9,94.7,88,0.14703
10,95.4,87.4,0.10899
11,96.5,86.2,0.0884725
12,95.5,88,0.124704
13,97,87.2,0.0647305
14,96.2,86.6,0.0881959
15,96.1,85.8,0.10259
16,97.6,89.6,0.0607429
17,97.9,87.4,0.0329648
18,97,87,0.0726595
19,98,86.4,0.0487743
20,97.6,88,0.0520537
